{
  "xgboost": {
    "total_trades": 2,
    "win_rate": 0.5,
    "avg_profit_per_trade": 0.7857142857142856,
    "total_pnl": 1.5714285714285712,
    "max_drawdown": 0.0,
    "sharpe": 2.243568585980825
  }
}